timestamp,total_value,cash,positions,sector_exposure,metrics,date,returns,cumulative_returns
2026-02-08 15:14:05.736569,999918.78896,918707.74896,"{'AAPL': {'sector': 'Unknown', 'shares': 292, 'entry_price': 278.12, 'current_price': 278.12, 'market_value': 81211.04000000001, 'unrealized_pnl': 0.0, 'unrealized_pnl_pct': 0.0, 'weight': 0.08121763576866713, 'stop_loss': np.float64(271.4414329310826), 'take_profit': np.float64(298.1557012067522)}}",{'Unknown': 0.08121763576866713},"{'total_value': 999918.78896, 'total_return': -8.121103999996559e-05, 'cash': 918707.74896, 'invested': 81211.04000000001, 'num_positions': 1, 'win_rate': 0, 'total_trades': 0}",2020-01-05,,
2026-02-08 15:14:08.226631,918207.96732,418426.32732,"{'AAPL': {'sector': 'Unknown', 'shares': 1797, 'entry_price': 278.12, 'current_price': 278.12, 'market_value': 499781.64, 'unrealized_pnl': 0.0, 'unrealized_pnl_pct': 0.0, 'weight': 0.5443011363305058, 'stop_loss': None, 'take_profit': None}}",{'Unknown': 0.5443011363305058},"{'total_value': 918207.96732, 'total_return': -0.08179203267999995, 'cash': 418426.32732, 'invested': 499781.64, 'num_positions': 1, 'win_rate': 0, 'total_trades': 0}",2020-01-12,-0.08171745799975028,-0.08171745799975028
2026-02-08 15:14:10.776190,917633.64952,843097.48952,"{'AAPL': {'sector': 'Unknown', 'shares': 268, 'entry_price': 278.12, 'current_price': 278.12, 'market_value': 74536.16, 'unrealized_pnl': 0.0, 'unrealized_pnl_pct': 0.0, 'weight': 0.081226489502634, 'stop_loss': np.float64(271.4414329310826), 'take_profit': np.float64(298.1557012067522)}}",{'Unknown': 0.081226489502634},"{'total_value': 917633.64952, 'total_return': -0.08236635048000002, 'cash': 843097.48952, 'invested': 74536.16, 'num_positions': 1, 'win_rate': 0.0, 'total_trades': 1}",2020-01-19,-0.0006254768205468109,-0.08229182244448419
2026-02-08 15:14:13.315098,843022.9533599999,768486.7933599999,"{'AAPL': {'sector': 'Unknown', 'shares': 268, 'entry_price': 278.12, 'current_price': 278.12, 'market_value': 74536.16, 'unrealized_pnl': 0.0, 'unrealized_pnl_pct': 0.0, 'weight': 0.08841533875551605, 'stop_loss': np.float64(271.4414329310826), 'take_profit': np.float64(298.1557012067522)}}",{'Unknown': 0.08841533875551605},"{'total_value': 843022.9533599999, 'total_return': -0.15697704664000006, 'cash': 768486.7933599999, 'invested': 74536.16, 'num_positions': 1, 'win_rate': 0.0, 'total_trades': 1}",2020-01-26,-0.08130771599213671,-0.15690857830882943
2026-02-08 15:14:15.868136,842879.9996799999,774462.4796799999,"{'AAPL': {'sector': 'Unknown', 'shares': 246, 'entry_price': 278.12, 'current_price': 278.12, 'market_value': 68417.52, 'unrealized_pnl': 0.0, 'unrealized_pnl_pct': 0.0, 'weight': 0.08117112759345906, 'stop_loss': np.float64(271.4414329310826), 'take_profit': np.float64(298.1557012067522)}}",{'Unknown': 0.08117112759345906},"{'total_value': 842879.9996799999, 'total_return': -0.15712000032000012, 'cash': 774462.4796799999, 'invested': 68417.52, 'num_positions': 1, 'win_rate': 0.0, 'total_trades': 2}",2020-02-02,-0.00016957270194162266,-0.15705154359918938
2026-02-08 15:14:18.544010,842743.1646399999,774325.6446399998,"{'AAPL': {'sector': 'Unknown', 'shares': 246, 'entry_price': 278.12, 'current_price': 278.12, 'market_value': 68417.52, 'unrealized_pnl': 0.0, 'unrealized_pnl_pct': 0.0, 'weight': 0.08118430723698171, 'stop_loss': np.float64(271.4414329310826), 'take_profit': np.float64(298.1557012067522)}}",{'Unknown': 0.08118430723698171},"{'total_value': 842743.1646399999, 'total_return': -0.15725683536000015, 'cash': 774325.6446399998, 'invested': 68417.52, 'num_positions': 1, 'win_rate': 0.0, 'total_trades': 3}",2020-02-09,-0.00016234225518696466,-0.15718838975260785
2026-02-08 15:14:21.544802,842606.3295999998,774188.8095999998,"{'AAPL': {'sector': 'Unknown', 'shares': 246, 'entry_price': 278.12, 'current_price': 278.12, 'market_value': 68417.52, 'unrealized_pnl': 0.0, 'unrealized_pnl_pct': 0.0, 'weight': 0.0811974911611203, 'stop_loss': np.float64(271.4414329310826), 'take_profit': np.float64(298.1557012067522)}}",{'Unknown': 0.0811974911611203},"{'total_value': 842606.3295999998, 'total_return': -0.15739367040000019, 'cash': 774188.8095999998, 'invested': 68417.52, 'num_positions': 1, 'win_rate': 0.0, 'total_trades': 4}",2020-02-16,-0.00016236861447405104,-0.15732523590602632
2026-02-08 15:14:24.310470,842469.4945599998,774051.9745599998,"{'AAPL': {'sector': 'Unknown', 'shares': 246, 'entry_price': 278.12, 'current_price': 278.12, 'market_value': 68417.52, 'unrealized_pnl': 0.0, 'unrealized_pnl_pct': 0.0, 'weight': 0.08121067936796064, 'stop_loss': np.float64(271.4414329310826), 'take_profit': np.float64(298.1557012067522)}}",{'Unknown': 0.08121067936796064},"{'total_value': 842469.4945599998, 'total_return': -0.15753050544000022, 'cash': 774051.9745599998, 'invested': 68417.52, 'num_positions': 1, 'win_rate': 0.0, 'total_trades': 5}",2020-02-23,-0.00016239498232228922,-0.15746208205944479
2026-02-08 15:14:27.314056,842332.6595199998,773915.1395199997,"{'AAPL': {'sector': 'Unknown', 'shares': 246, 'entry_price': 278.12, 'current_price': 278.12, 'market_value': 68417.52, 'unrealized_pnl': 0.0, 'unrealized_pnl_pct': 0.0, 'weight': 0.08122387185958987, 'stop_loss': np.float64(271.4414329310826), 'take_profit': np.float64(298.1557012067522)}}",{'Unknown': 0.08122387185958987},"{'total_value': 842332.6595199998, 'total_return': -0.15766734048000025, 'cash': 773915.1395199997, 'invested': 68417.52, 'num_positions': 1, 'win_rate': 0.0, 'total_trades': 6}",2020-03-01,-0.00016242135873600905,-0.15759892821286325
2026-02-08 15:14:29.965510,842195.8244799997,773778.3044799997,"{'AAPL': {'sector': 'Unknown', 'shares': 246, 'entry_price': 278.12, 'current_price': 278.12, 'market_value': 68417.52, 'unrealized_pnl': 0.0, 'unrealized_pnl_pct': 0.0, 'weight': 0.08123706863809649, 'stop_loss': np.float64(271.4414329310826), 'take_profit': np.float64(298.1557012067522)}}",{'Unknown': 0.08123706863809649},"{'total_value': 842195.8244799997, 'total_return': -0.15780417552000028, 'cash': 773778.3044799997, 'invested': 68417.52, 'num_positions': 1, 'win_rate': 0.0, 'total_trades': 7}",2020-03-08,-0.00016244774371920734,-0.15773577436628172
2026-02-08 15:14:32.661207,842058.9894399997,773641.4694399997,"{'AAPL': {'sector': 'Unknown', 'shares': 246, 'entry_price': 278.12, 'current_price': 278.12, 'market_value': 68417.52, 'unrealized_pnl': 0.0, 'unrealized_pnl_pct': 0.0, 'weight': 0.08125026970557037, 'stop_loss': np.float64(271.4414329310826), 'take_profit': np.float64(298.1557012067522)}}",{'Unknown': 0.08125026970557037},"{'total_value': 842058.9894399997, 'total_return': -0.15794101056000032, 'cash': 773641.4694399997, 'invested': 68417.52, 'num_positions': 1, 'win_rate': 0.0, 'total_trades': 8}",2020-03-15,-0.00016247413727621396,-0.1578726205197002
2026-02-08 15:14:35.609633,841922.4325199997,773783.0325199997,"{'AAPL': {'sector': 'Unknown', 'shares': 245, 'entry_price': 278.12, 'current_price': 278.12, 'market_value': 68139.4, 'unrealized_pnl': 0.0, 'unrealized_pnl_pct': 0.0, 'weight': 0.08093310899918486, 'stop_loss': np.float64(271.4414329310826), 'take_profit': np.float64(298.1557012067522)}}",{'Unknown': 0.08093310899918486},"{'total_value': 841922.4325199997, 'total_return': -0.15807756748000032, 'cash': 773783.0325199997, 'invested': 68139.4, 'num_positions': 1, 'win_rate': 0.0, 'total_trades': 9}",2020-03-22,-0.00016217025376197292,-0.15800918853053036
2026-02-08 15:14:38.307119,841786.1537199997,773646.7537199997,"{'AAPL': {'sector': 'Unknown', 'shares': 245, 'entry_price': 278.12, 'current_price': 278.12, 'market_value': 68139.4, 'unrealized_pnl': 0.0, 'unrealized_pnl_pct': 0.0, 'weight': 0.08094621145629459, 'stop_loss': np.float64(271.4414329310826), 'take_profit': np.float64(298.1557012067522)}}",{'Unknown': 0.08094621145629459},"{'total_value': 841786.1537199997, 'total_return': -0.1582138462800003, 'cash': 773646.7537199997, 'invested': 68139.4, 'num_positions': 1, 'win_rate': 0.0, 'total_trades': 10}",2020-03-29,-0.0001618662179982966,-0.15814547839877224
2026-02-08 15:14:41.013147,841649.8749199997,773510.4749199997,"{'AAPL': {'sector': 'Unknown', 'shares': 245, 'entry_price': 278.12, 'current_price': 278.12, 'market_value': 68139.4, 'unrealized_pnl': 0.0, 'unrealized_pnl_pct': 0.0, 'weight': 0.08095931815646829, 'stop_loss': np.float64(271.4414329310826), 'take_profit': np.float64(298.1557012067522)}}",{'Unknown': 0.08095931815646829},"{'total_value': 841649.8749199997, 'total_return': -0.15835012508000026, 'cash': 773510.4749199997, 'invested': 68139.4, 'num_positions': 1, 'win_rate': 0.0, 'total_trades': 11}",2020-04-05,-0.00016189242291253514,-0.15828176826701412
2026-02-08 15:14:43.601882,841513.5961199998,773374.1961199997,"{'AAPL': {'sector': 'Unknown', 'shares': 245, 'entry_price': 278.12, 'current_price': 278.12, 'market_value': 68139.4, 'unrealized_pnl': 0.0, 'unrealized_pnl_pct': 0.0, 'weight': 0.08097242910176738, 'stop_loss': np.float64(271.4414329310826), 'take_profit': np.float64(298.1557012067522)}}",{'Unknown': 0.08097242910176738},"{'total_value': 841513.5961199998, 'total_return': -0.15848640388000024, 'cash': 773374.1961199997, 'invested': 68139.4, 'num_positions': 1, 'win_rate': 0.0, 'total_trades': 12}",2020-04-12,-0.0001619186363128744,-0.158418058135256
2026-02-08 15:14:46.224056,841377.3173199998,773237.9173199998,"{'AAPL': {'sector': 'Unknown', 'shares': 245, 'entry_price': 278.12, 'current_price': 278.12, 'market_value': 68139.4, 'unrealized_pnl': 0.0, 'unrealized_pnl_pct': 0.0, 'weight': 0.08098554429425465, 'stop_loss': np.float64(271.4414329310826), 'take_profit': np.float64(298.1557012067522)}}",{'Unknown': 0.08098554429425465},"{'total_value': 841377.3173199998, 'total_return': -0.1586226826800002, 'cash': 773237.9173199998, 'invested': 68139.4, 'num_positions': 1, 'win_rate': 0.0, 'total_trades': 13}",2020-04-19,-0.00016194485820353322,-0.158554348003498
2026-02-08 15:14:49.104746,841241.0385199998,773101.6385199998,"{'AAPL': {'sector': 'Unknown', 'shares': 245, 'entry_price': 278.12, 'current_price': 278.12, 'market_value': 68139.4, 'unrealized_pnl': 0.0, 'unrealized_pnl_pct': 0.0, 'weight': 0.08099866373599418, 'stop_loss': np.float64(271.4414329310826), 'take_profit': np.float64(298.1557012067522)}}",{'Unknown': 0.08099866373599418},"{'total_value': 841241.0385199998, 'total_return': -0.15875896148000018, 'cash': 773101.6385199998, 'invested': 68139.4, 'num_positions': 1, 'win_rate': 0.0, 'total_trades': 14}",2020-04-26,-0.0001619710885885084,-0.15869063787173998
2026-02-08 15:14:51.697809,841104.7597199999,772965.3597199998,"{'AAPL': {'sector': 'Unknown', 'shares': 245, 'entry_price': 278.12, 'current_price': 278.12, 'market_value': 68139.4, 'unrealized_pnl': 0.0, 'unrealized_pnl_pct': 0.0, 'weight': 0.08101178742905141, 'stop_loss': np.float64(271.4414329310826), 'take_profit': np.float64(298.1557012067522)}}",{'Unknown': 0.08101178742905141},"{'total_value': 841104.7597199999, 'total_return': -0.15889524028000016, 'cash': 772965.3597199998, 'invested': 68139.4, 'num_positions': 1, 'win_rate': 0.0, 'total_trades': 15}",2020-05-03,-0.00016199732747190776,-0.15882692773998186
2026-02-08 15:14:54.281789,840968.4809199999,772829.0809199999,"{'AAPL': {'sector': 'Unknown', 'shares': 245, 'entry_price': 278.12, 'current_price': 278.12, 'market_value': 68139.4, 'unrealized_pnl': 0.0, 'unrealized_pnl_pct': 0.0, 'weight': 0.08102491537549313, 'stop_loss': np.float64(271.4414329310826), 'take_profit': np.float64(298.1557012067522)}}",{'Unknown': 0.08102491537549313},"{'total_value': 840968.4809199999, 'total_return': -0.15903151908000013, 'cash': 772829.0809199999, 'invested': 68139.4, 'num_positions': 1, 'win_rate': 0.0, 'total_trades': 16}",2020-05-10,-0.00016202357485806118,-0.15896321760822374
2026-02-08 15:14:57.043413,840832.2021199999,772692.8021199999,"{'AAPL': {'sector': 'Unknown', 'shares': 245, 'entry_price': 278.12, 'current_price': 278.12, 'market_value': 68139.4, 'unrealized_pnl': 0.0, 'unrealized_pnl_pct': 0.0, 'weight': 0.08103804757738743, 'stop_loss': np.float64(271.4414329310826), 'take_profit': np.float64(298.1557012067522)}}",{'Unknown': 0.08103804757738743},"{'total_value': 840832.2021199999, 'total_return': -0.15916779788000007, 'cash': 772692.8021199999, 'invested': 68139.4, 'num_positions': 1, 'win_rate': 0.0, 'total_trades': 17}",2020-05-17,-0.00016204983075096546,-0.15909950747646562
2026-02-08 15:14:59.855933,840695.92332,772556.5233199999,"{'AAPL': {'sector': 'Unknown', 'shares': 245, 'entry_price': 278.12, 'current_price': 278.12, 'market_value': 68139.4, 'unrealized_pnl': 0.0, 'unrealized_pnl_pct': 0.0, 'weight': 0.08105118403680378, 'stop_loss': np.float64(271.4414329310826), 'take_profit': np.float64(298.1557012067522)}}",{'Unknown': 0.08105118403680378},"{'total_value': 840695.92332, 'total_return': -0.15930407668000005, 'cash': 772556.5233199999, 'invested': 68139.4, 'num_positions': 1, 'win_rate': 0.0, 'total_trades': 18}",2020-05-24,-0.00016207609515472843,-0.1592357973447075
2026-02-08 15:15:02.629621,840559.64452,772420.24452,"{'AAPL': {'sector': 'Unknown', 'shares': 245, 'entry_price': 278.12, 'current_price': 278.12, 'market_value': 68139.4, 'unrealized_pnl': 0.0, 'unrealized_pnl_pct': 0.0, 'weight': 0.08106432475581299, 'stop_loss': np.float64(271.4414329310826), 'take_profit': np.float64(298.1557012067522)}}",{'Unknown': 0.08106432475581299},"{'total_value': 840559.64452, 'total_return': -0.15944035548000002, 'cash': 772420.24452, 'invested': 68139.4, 'num_positions': 1, 'win_rate': 0.0, 'total_trades': 19}",2020-05-31,-0.00016210236807356893,-0.15937208721294938
2026-02-08 15:15:05.332147,840423.36572,772283.96572,"{'AAPL': {'sector': 'Unknown', 'shares': 245, 'entry_price': 278.12, 'current_price': 278.12, 'market_value': 68139.4, 'unrealized_pnl': 0.0, 'unrealized_pnl_pct': 0.0, 'weight': 0.08107746973648718, 'stop_loss': np.float64(271.4414329310826), 'take_profit': np.float64(298.1557012067522)}}",{'Unknown': 0.08107746973648718},"{'total_value': 840423.36572, 'total_return': -0.15957663428, 'cash': 772283.96572, 'invested': 68139.4, 'num_positions': 1, 'win_rate': 0.0, 'total_trades': 20}",2020-06-07,-0.00016212864951159478,-0.15950837708119125
2026-02-08 15:15:08.001842,840287.08692,772147.68692,"{'AAPL': {'sector': 'Unknown', 'shares': 245, 'entry_price': 278.12, 'current_price': 278.12, 'market_value': 68139.4, 'unrealized_pnl': 0.0, 'unrealized_pnl_pct': 0.0, 'weight': 0.08109061898089985, 'stop_loss': np.float64(271.4414329310826), 'take_profit': np.float64(298.1557012067522)}}",{'Unknown': 0.08109061898089985},"{'total_value': 840287.08692, 'total_return': -0.15971291307999996, 'cash': 772147.68692, 'invested': 68139.4, 'num_positions': 1, 'win_rate': 0.0, 'total_trades': 21}",2020-06-14,-0.00016215493947291382,-0.15964466694943313
2026-02-08 15:15:11.055070,840150.8081200001,772011.40812,"{'AAPL': {'sector': 'Unknown', 'shares': 245, 'entry_price': 278.12, 'current_price': 278.12, 'market_value': 68139.4, 'unrealized_pnl': 0.0, 'unrealized_pnl_pct': 0.0, 'weight': 0.08110377249112583, 'stop_loss': np.float64(271.4414329310826), 'take_profit': np.float64(298.1557012067522)}}",{'Unknown': 0.08110377249112583},"{'total_value': 840150.8081200001, 'total_return': -0.15984919187999994, 'cash': 772011.40812, 'invested': 68139.4, 'num_positions': 1, 'win_rate': 0.0, 'total_trades': 22}",2020-06-21,-0.00016218123796174488,-0.159780956817675
2026-02-08 15:15:13.841835,840014.5293200001,771875.1293200001,"{'AAPL': {'sector': 'Unknown', 'shares': 245, 'entry_price': 278.12, 'current_price': 278.12, 'market_value': 68139.4, 'unrealized_pnl': 0.0, 'unrealized_pnl_pct': 0.0, 'weight': 0.0811169302692413, 'stop_loss': np.float64(271.4414329310826), 'take_profit': np.float64(298.1557012067522)}}",{'Unknown': 0.0811169302692413},"{'total_value': 840014.5293200001, 'total_return': -0.1599854706799999, 'cash': 771875.1293200001, 'invested': 68139.4, 'num_positions': 1, 'win_rate': 0.0, 'total_trades': 23}",2020-06-28,-0.0001622075449821958,-0.1599172466859169
2026-02-08 15:15:16.829246,839878.2505200001,771738.8505200001,"{'AAPL': {'sector': 'Unknown', 'shares': 245, 'entry_price': 278.12, 'current_price': 278.12, 'market_value': 68139.4, 'unrealized_pnl': 0.0, 'unrealized_pnl_pct': 0.0, 'weight': 0.08113009231732378, 'stop_loss': np.float64(271.4414329310826), 'take_profit': np.float64(298.1557012067522)}}",{'Unknown': 0.08113009231732378},"{'total_value': 839878.2505200001, 'total_return': -0.16012174947999988, 'cash': 771738.8505200001, 'invested': 68139.4, 'num_positions': 1, 'win_rate': 0.0, 'total_trades': 24}",2020-07-05,-0.00016223386053848543,-0.16005353655415888
2026-02-08 15:15:19.897683,839741.9717200001,771602.5717200001,"{'AAPL': {'sector': 'Unknown', 'shares': 245, 'entry_price': 278.12, 'current_price': 278.12, 'market_value': 68139.4, 'unrealized_pnl': 0.0, 'unrealized_pnl_pct': 0.0, 'weight': 0.08114325863745214, 'stop_loss': np.float64(271.4414329310826), 'take_profit': np.float64(298.1557012067522)}}",{'Unknown': 0.08114325863745214},"{'total_value': 839741.9717200001, 'total_return': -0.16025802827999985, 'cash': 771602.5717200001, 'invested': 68139.4, 'num_positions': 1, 'win_rate': 0.0, 'total_trades': 25}",2020-07-12,-0.00016226018463461056,-0.16018982642240076
2026-02-08 15:15:22.874329,839605.6929200002,771466.2929200002,"{'AAPL': {'sector': 'Unknown', 'shares': 245, 'entry_price': 278.12, 'current_price': 278.12, 'market_value': 68139.4, 'unrealized_pnl': 0.0, 'unrealized_pnl_pct': 0.0, 'weight': 0.08115642923170661, 'stop_loss': np.float64(271.4414329310826), 'take_profit': np.float64(298.1557012067522)}}",{'Unknown': 0.08115642923170661},"{'total_value': 839605.6929200002, 'total_return': -0.16039430707999983, 'cash': 771466.2929200002, 'invested': 68139.4, 'num_positions': 1, 'win_rate': 0.0, 'total_trades': 26}",2020-07-19,-0.00016228651727490107,-0.16032611629064275
2026-02-08 15:15:25.633940,839469.4141200002,771330.0141200002,"{'AAPL': {'sector': 'Unknown', 'shares': 245, 'entry_price': 278.12, 'current_price': 278.12, 'market_value': 68139.4, 'unrealized_pnl': 0.0, 'unrealized_pnl_pct': 0.0, 'weight': 0.08116960410216878, 'stop_loss': np.float64(271.4414329310826), 'take_profit': np.float64(298.1557012067522)}}",{'Unknown': 0.08116960410216878},"{'total_value': 839469.4141200002, 'total_return': -0.1605305858799998, 'cash': 771330.0141200002, 'invested': 68139.4, 'num_positions': 1, 'win_rate': 0.0, 'total_trades': 27}",2020-07-26,-0.00016231285846335375,-0.16046240615888463
2026-02-08 15:15:28.235507,839333.1353200002,771193.7353200002,"{'AAPL': {'sector': 'Unknown', 'shares': 245, 'entry_price': 278.12, 'current_price': 278.12, 'market_value': 68139.4, 'unrealized_pnl': 0.0, 'unrealized_pnl_pct': 0.0, 'weight': 0.08118278325092156, 'stop_loss': np.float64(271.4414329310826), 'take_profit': np.float64(298.1557012067522)}}",{'Unknown': 0.08118278325092156},"{'total_value': 839333.1353200002, 'total_return': -0.16066686467999977, 'cash': 771193.7353200002, 'invested': 68139.4, 'num_positions': 1, 'win_rate': 0.0, 'total_trades': 28}",2020-08-02,-0.00016233920820429848,-0.1605986960271265
2026-02-08 15:15:31.304261,839196.8565200003,771057.4565200002,"{'AAPL': {'sector': 'Unknown', 'shares': 245, 'entry_price': 278.12, 'current_price': 278.12, 'market_value': 68139.4, 'unrealized_pnl': 0.0, 'unrealized_pnl_pct': 0.0, 'weight': 0.08119596668004923, 'stop_loss': np.float64(271.4414329310826), 'take_profit': np.float64(298.1557012067522)}}",{'Unknown': 0.08119596668004923},"{'total_value': 839196.8565200003, 'total_return': -0.16080314347999974, 'cash': 771057.4565200002, 'invested': 68139.4, 'num_positions': 1, 'win_rate': 0.0, 'total_trades': 29}",2020-08-09,-0.00016236556650184308,-0.1607349858953685
2026-02-08 15:15:34.233357,839060.5777200003,770921.1777200003,"{'AAPL': {'sector': 'Unknown', 'shares': 245, 'entry_price': 278.12, 'current_price': 278.12, 'market_value': 68139.4, 'unrealized_pnl': 0.0, 'unrealized_pnl_pct': 0.0, 'weight': 0.08120915439163742, 'stop_loss': np.float64(271.4414329310826), 'take_profit': np.float64(298.1557012067522)}}",{'Unknown': 0.08120915439163742},"{'total_value': 839060.5777200003, 'total_return': -0.16093942227999972, 'cash': 770921.1777200003, 'invested': 68139.4, 'num_positions': 1, 'win_rate': 0.0, 'total_trades': 30}",2020-08-16,-0.00016239193336009539,-0.1608712757636105
2026-02-08 15:15:37.303601,838924.2989200003,770784.8989200003,"{'AAPL': {'sector': 'Unknown', 'shares': 245, 'entry_price': 278.12, 'current_price': 278.12, 'market_value': 68139.4, 'unrealized_pnl': 0.0, 'unrealized_pnl_pct': 0.0, 'weight': 0.08122234638777313, 'stop_loss': np.float64(271.4414329310826), 'take_profit': np.float64(298.1557012067522)}}",{'Unknown': 0.08122234638777313},"{'total_value': 838924.2989200003, 'total_return': -0.1610757010799997, 'cash': 770784.8989200003, 'invested': 68139.4, 'num_positions': 1, 'win_rate': 0.0, 'total_trades': 31}",2020-08-23,-0.00016241830878327423,-0.16100756563185248
2026-02-08 15:15:40.484546,838788.0201200004,770648.6201200003,"{'AAPL': {'sector': 'Unknown', 'shares': 245, 'entry_price': 278.12, 'current_price': 278.12, 'market_value': 68139.4, 'unrealized_pnl': 0.0, 'unrealized_pnl_pct': 0.0, 'weight': 0.0812355426705447, 'stop_loss': np.float64(271.4414329310826), 'take_profit': np.float64(298.1557012067522)}}",{'Unknown': 0.0812355426705447},"{'total_value': 838788.0201200004, 'total_return': -0.16121197987999966, 'cash': 770648.6201200003, 'invested': 68139.4, 'num_positions': 1, 'win_rate': 0.0, 'total_trades': 32}",2020-08-30,-0.00016244469277548745,-0.16114385550009436
2026-02-08 15:15:42.981029,838651.7413200004,770512.3413200004,"{'AAPL': {'sector': 'Unknown', 'shares': 245, 'entry_price': 278.12, 'current_price': 278.12, 'market_value': 68139.4, 'unrealized_pnl': 0.0, 'unrealized_pnl_pct': 0.0, 'weight': 0.08124874324204183, 'stop_loss': np.float64(271.4414329310826), 'take_profit': np.float64(298.1557012067522)}}",{'Unknown': 0.08124874324204183},"{'total_value': 838651.7413200004, 'total_return': -0.16134825867999963, 'cash': 770512.3413200004, 'invested': 68139.4, 'num_positions': 1, 'win_rate': 0.0, 'total_trades': 33}",2020-09-06,-0.00016247108534106491,-0.16128014536833624
2026-02-08 15:15:45.497274,838515.7406400004,770654.4606400004,"{'AAPL': {'sector': 'Unknown', 'shares': 244, 'entry_price': 278.12, 'current_price': 278.12, 'market_value': 67861.28, 'unrealized_pnl': 0.0, 'unrealized_pnl_pct': 0.0, 'weight': 0.08093023984046455, 'stop_loss': np.float64(271.4414329310826), 'take_profit': np.float64(298.1557012067522)}}",{'Unknown': 0.08093023984046455},"{'total_value': 838515.7406400004, 'total_return': -0.16148425935999955, 'cash': 770654.4606400004, 'invested': 67861.28, 'num_positions': 1, 'win_rate': 0.0, 'total_trades': 34}",2020-09-13,-0.00016216585896056124,-0.16141615709398982
2026-02-08 15:15:48.039570,838380.0180800004,770518.7380800004,"{'AAPL': {'sector': 'Unknown', 'shares': 244, 'entry_price': 278.12, 'current_price': 278.12, 'market_value': 67861.28, 'unrealized_pnl': 0.0, 'unrealized_pnl_pct': 0.0, 'weight': 0.08094334136852543, 'stop_loss': np.float64(271.4414329310826), 'take_profit': np.float64(298.1557012067522)}}",{'Unknown': 0.08094334136852543},"{'total_value': 838380.0180800004, 'total_return': -0.16161998191999957, 'cash': 770518.7380800004, 'invested': 67861.28, 'num_positions': 1, 'win_rate': 0.0, 'total_trades': 35}",2020-09-20,-0.00016186047968091977,-0.16155189067705522
2026-02-08 15:15:50.753040,838244.2955200004,770383.0155200004,"{'AAPL': {'sector': 'Unknown', 'shares': 244, 'entry_price': 278.12, 'current_price': 278.12, 'market_value': 67861.28, 'unrealized_pnl': 0.0, 'unrealized_pnl_pct': 0.0, 'weight': 0.08095644713919897, 'stop_loss': np.float64(271.4414329310826), 'take_profit': np.float64(298.1557012067522)}}",{'Unknown': 0.08095644713919897},"{'total_value': 838244.2955200004, 'total_return': -0.1617557044799996, 'cash': 770383.0155200004, 'invested': 67861.28, 'num_positions': 1, 'win_rate': 0.0, 'total_trades': 36}",2020-09-27,-0.00016188668273708906,-0.16168762426012073
2026-02-08 15:15:53.276375,838108.5729600004,770247.2929600003,"{'AAPL': {'sector': 'Unknown', 'shares': 244, 'entry_price': 278.12, 'current_price': 278.12, 'market_value': 67861.28, 'unrealized_pnl': 0.0, 'unrealized_pnl_pct': 0.0, 'weight': 0.08096955715454632, 'stop_loss': np.float64(271.4414329310826), 'take_profit': np.float64(298.1557012067522)}}",{'Unknown': 0.08096955715454632},"{'total_value': 838108.5729600004, 'total_return': -0.16189142703999962, 'cash': 770247.2929600003, 'invested': 67861.28, 'num_positions': 1, 'win_rate': 0.0, 'total_trades': 37}",2020-10-04,-0.0001619128942784709,-0.16182335784318624
2026-02-08 15:15:55.790137,837972.8504000003,770111.5704000003,"{'AAPL': {'sector': 'Unknown', 'shares': 244, 'entry_price': 278.12, 'current_price': 278.12, 'market_value': 67861.28, 'unrealized_pnl': 0.0, 'unrealized_pnl_pct': 0.0, 'weight': 0.0809826714166299, 'stop_loss': np.float64(271.4414329310826), 'take_profit': np.float64(298.1557012067522)}}",{'Unknown': 0.0809826714166299},"{'total_value': 837972.8504000003, 'total_return': -0.16202714959999964, 'cash': 770111.5704000003, 'invested': 67861.28, 'num_positions': 1, 'win_rate': 0.0, 'total_trades': 38}",2020-10-11,-0.00016193911430917307,-0.16195909142625176
2026-02-08 15:15:58.309062,837837.1278400003,769975.8478400003,"{'AAPL': {'sector': 'Unknown', 'shares': 244, 'entry_price': 278.12, 'current_price': 278.12, 'market_value': 67861.28, 'unrealized_pnl': 0.0, 'unrealized_pnl_pct': 0.0, 'weight': 0.08099578992751358, 'stop_loss': np.float64(271.4414329310826), 'take_profit': np.float64(298.1557012067522)}}",{'Unknown': 0.08099578992751358},"{'total_value': 837837.1278400003, 'total_return': -0.16216287215999967, 'cash': 769975.8478400003, 'invested': 67861.28, 'num_positions': 1, 'win_rate': 0.0, 'total_trades': 39}",2020-10-18,-0.00016196534283330344,-0.16209482500931727
2026-02-08 15:16:00.854476,837701.4052800003,769840.1252800003,"{'AAPL': {'sector': 'Unknown', 'shares': 244, 'entry_price': 278.12, 'current_price': 278.12, 'market_value': 67861.28, 'unrealized_pnl': 0.0, 'unrealized_pnl_pct': 0.0, 'weight': 0.08100891268926244, 'stop_loss': np.float64(271.4414329310826), 'take_profit': np.float64(298.1557012067522)}}",{'Unknown': 0.08100891268926244},"{'total_value': 837701.4052800003, 'total_return': -0.1622985947199997, 'cash': 769840.1252800003, 'invested': 67861.28, 'num_positions': 1, 'win_rate': 0.0, 'total_trades': 40}",2020-10-25,-0.00016199157985508084,-0.16223055859238278
2026-02-08 15:16:03.723785,837565.6827200003,769704.4027200002,"{'AAPL': {'sector': 'Unknown', 'shares': 244, 'entry_price': 278.12, 'current_price': 278.12, 'market_value': 67861.28, 'unrealized_pnl': 0.0, 'unrealized_pnl_pct': 0.0, 'weight': 0.08102203970394302, 'stop_loss': np.float64(271.4414329310826), 'take_profit': np.float64(298.1557012067522)}}",{'Unknown': 0.08102203970394302},"{'total_value': 837565.6827200003, 'total_return': -0.1624343172799997, 'cash': 769704.4027200002, 'invested': 67861.28, 'num_positions': 1, 'win_rate': 0.0, 'total_trades': 41}",2020-11-01,-0.00016201782537850207,-0.16236629217544818
2026-02-08 15:16:06.581210,837429.9601600002,769568.6801600002,"{'AAPL': {'sector': 'Unknown', 'shares': 244, 'entry_price': 278.12, 'current_price': 278.12, 'market_value': 67861.28, 'unrealized_pnl': 0.0, 'unrealized_pnl_pct': 0.0, 'weight': 0.0810351709736231, 'stop_loss': np.float64(271.4414329310826), 'take_profit': np.float64(298.1557012067522)}}",{'Unknown': 0.0810351709736231},"{'total_value': 837429.9601600002, 'total_return': -0.16257003983999976, 'cash': 769568.6801600002, 'invested': 67861.28, 'num_positions': 1, 'win_rate': 0.0, 'total_trades': 42}",2020-11-08,-0.000162044079407897,-0.16250202575851358
2026-02-08 15:16:09.101051,837294.2376000002,769432.9576000002,"{'AAPL': {'sector': 'Unknown', 'shares': 244, 'entry_price': 278.12, 'current_price': 278.12, 'market_value': 67861.28, 'unrealized_pnl': 0.0, 'unrealized_pnl_pct': 0.0, 'weight': 0.08104830650037186, 'stop_loss': np.float64(271.4414329310826), 'take_profit': np.float64(298.1557012067522)}}",{'Unknown': 0.08104830650037186},"{'total_value': 837294.2376000002, 'total_return': -0.1627057623999998, 'cash': 769432.9576000002, 'invested': 67861.28, 'num_positions': 1, 'win_rate': 0.0, 'total_trades': 43}",2020-11-15,-0.00016207034194726244,-0.1626377593415791
2026-02-08 15:16:11.971773,837158.5150400002,769297.2350400002,"{'AAPL': {'sector': 'Unknown', 'shares': 244, 'entry_price': 278.12, 'current_price': 278.12, 'market_value': 67861.28, 'unrealized_pnl': 0.0, 'unrealized_pnl_pct': 0.0, 'weight': 0.0810614462862598, 'stop_loss': np.float64(271.4414329310826), 'take_profit': np.float64(298.1557012067522)}}",{'Unknown': 0.0810614462862598},"{'total_value': 837158.5150400002, 'total_return': -0.1628414849599998, 'cash': 769297.2350400002, 'invested': 67861.28, 'num_positions': 1, 'win_rate': 0.0, 'total_trades': 44}",2020-11-22,-0.00016209661300081724,-0.1627734929246446
2026-02-08 15:16:14.538140,837022.7924800002,769161.5124800002,"{'AAPL': {'sector': 'Unknown', 'shares': 244, 'entry_price': 278.12, 'current_price': 278.12, 'market_value': 67861.28, 'unrealized_pnl': 0.0, 'unrealized_pnl_pct': 0.0, 'weight': 0.08107459033335879, 'stop_loss': np.float64(271.4414329310826), 'take_profit': np.float64(298.1557012067522)}}",{'Unknown': 0.08107459033335879},"{'total_value': 837022.7924800002, 'total_return': -0.16297720751999983, 'cash': 769161.5124800002, 'invested': 67861.28, 'num_positions': 1, 'win_rate': 0.0, 'total_trades': 45}",2020-11-29,-0.00016212289257255819,-0.16290922650771011
2026-02-08 15:16:17.340966,836887.0699200002,769025.7899200001,"{'AAPL': {'sector': 'Unknown', 'shares': 244, 'entry_price': 278.12, 'current_price': 278.12, 'market_value': 67861.28, 'unrealized_pnl': 0.0, 'unrealized_pnl_pct': 0.0, 'weight': 0.08108773864374198, 'stop_loss': np.float64(271.4414329310826), 'take_profit': np.float64(298.1557012067522)}}",{'Unknown': 0.08108773864374198},"{'total_value': 836887.0699200002, 'total_return': -0.16311293007999986, 'cash': 769025.7899200001, 'invested': 67861.28, 'num_positions': 1, 'win_rate': 0.0, 'total_trades': 46}",2020-12-06,-0.00016214918066670414,-0.16304496009077551
2026-02-08 15:16:20.273597,836751.3473600001,768890.0673600001,"{'AAPL': {'sector': 'Unknown', 'shares': 244, 'entry_price': 278.12, 'current_price': 278.12, 'market_value': 67861.28, 'unrealized_pnl': 0.0, 'unrealized_pnl_pct': 0.0, 'weight': 0.08110089121948395, 'stop_loss': np.float64(271.4414329310826), 'take_profit': np.float64(298.1557012067522)}}",{'Unknown': 0.08110089121948395},"{'total_value': 836751.3473600001, 'total_return': -0.16324865263999988, 'cash': 768890.0673600001, 'invested': 67861.28, 'num_positions': 1, 'win_rate': 0.0, 'total_trades': 47}",2020-12-13,-0.00016217547728747395,-0.16318069367384092
2026-02-08 15:16:23.114195,836615.6248000001,768754.3448000001,"{'AAPL': {'sector': 'Unknown', 'shares': 244, 'entry_price': 278.12, 'current_price': 278.12, 'market_value': 67861.28, 'unrealized_pnl': 0.0, 'unrealized_pnl_pct': 0.0, 'weight': 0.08111404806266055, 'stop_loss': np.float64(271.4414329310826), 'take_profit': np.float64(298.1557012067522)}}",{'Unknown': 0.08111404806266055},"{'total_value': 836615.6248000001, 'total_return': -0.1633843751999999, 'cash': 768754.3448000001, 'invested': 67861.28, 'num_positions': 1, 'win_rate': 0.0, 'total_trades': 48}",2020-12-20,-0.00016220178243897543,-0.16331642725690632
2026-02-08 15:16:25.867735,836479.9022400001,768618.62224,"{'AAPL': {'sector': 'Unknown', 'shares': 244, 'entry_price': 278.12, 'current_price': 278.12, 'market_value': 67861.28, 'unrealized_pnl': 0.0, 'unrealized_pnl_pct': 0.0, 'weight': 0.08112720917534903, 'stop_loss': np.float64(271.4414329310826), 'take_profit': np.float64(298.1557012067522)}}",{'Unknown': 0.08112720917534903},"{'total_value': 836479.9022400001, 'total_return': -0.16352009775999993, 'cash': 768618.62224, 'invested': 67861.28, 'num_positions': 1, 'win_rate': 0.0, 'total_trades': 49}",2020-12-27,-0.0001622280961253164,-0.16345216083997172
